,Id,Release Date,Movie,Production Budget,Domestic Gross,Worldwide Gross,Profitability,ROI,Genres
10,63,2011,Insidious,1500000,54009150,99870886,152380036,102.58669066666667,Horror
10,63,2011,Insidious,1500000,54009150,99870886,152380036,102.58669066666667,Mystery
10,63,2011,Insidious,1500000,54009150,99870886,152380036,102.58669066666667,Thriller
12,65,2010,Paranormal Activity 2,3000000,84752907,177512032,259264939,87.42164633333333,Horror
13,49,2017,Get Out,5000000,176040665,255367951,426408616,86.2817232,Horror
13,49,2017,Get Out,5000000,176040665,255367951,426408616,86.2817232,Mystery
13,49,2017,Get Out,5000000,176040665,255367951,426408616,86.2817232,Thriller
14,50,2017,Split,5000000,138141585,278964806,412106391,83.4212782,Comedy
14,50,2017,Split,5000000,138141585,278964806,412106391,83.4212782,Romance
16,51,2011,Paranormal Activity 3,5000000,104028807,207039844,306068651,62.2137302,Horror
16,51,2011,Paranormal Activity 3,5000000,104028807,207039844,306068651,62.2137302,Mystery
16,51,2011,Paranormal Activity 3,5000000,104028807,207039844,306068651,62.2137302,Thriller
17,15,2010,The Last Exorcism,1800000,41034350,70165900,109400250,61.77791666666667,Drama
17,15,2010,The Last Exorcism,1800000,41034350,70165900,109400250,61.77791666666667,Horror
17,15,2010,The Last Exorcism,1800000,41034350,70165900,109400250,61.77791666666667,Thriller
18,18,2012,Chernobyl Diaries,1000000,18119640,42411721,59531361,60.531361,Horror
18,18,2012,Chernobyl Diaries,1000000,18119640,42411721,59531361,60.531361,Mystery
18,18,2012,Chernobyl Diaries,1000000,18119640,42411721,59531361,60.531361,Thriller
21,66,2015,War Room,3000000,67790117,73975239,138765356,47.25511866666667,Drama
23,17,2013,You're Next,1000000,18494006,26887177,44381183,45.381183,Action
23,17,2013,You're Next,1000000,18494006,26887177,44381183,45.381183,Comedy
23,17,2013,You're Next,1000000,18494006,26887177,44381183,45.381183,Horror
24,69,2012,Sinister,3000000,48086903,87727807,132814710,45.27157,Horror
24,69,2012,Sinister,3000000,48086903,87727807,132814710,45.27157,Mystery
24,69,2012,Sinister,3000000,48086903,87727807,132814710,45.27157,Thriller
25,86,2017,A Ghost Story,100000,1594798,2769782,4264580,43.6458,Drama
25,86,2017,A Ghost Story,100000,1594798,2769782,4264580,43.6458,Romance
26,55,2016,Lights Out,5000000,67268835,148806510,211075345,43.215069,Drama
28,73,2012,Your Sister's Sister,120000,1597486,3090593,4568079,39.067325,Comedy
28,73,2012,Your Sister's Sister,120000,1597486,3090593,4568079,39.067325,Drama
29,91,2018,Truth or Dare,3500000,41411015,95127344,133038359,39.01095971428571,Horror
29,91,2018,Truth or Dare,3500000,41411015,95127344,133038359,39.01095971428571,Romance
29,91,2018,Truth or Dare,3500000,41411015,95127344,133038359,39.01095971428571,Thriller
30,78,1998,Cube,250000,489220,8969065,9208285,37.83314,Documentary
31,38,2013,Fruitvale Station,900000,16098998,17549645,32748643,37.38738111111111,Drama
31,38,2013,Fruitvale Station,900000,16098998,17549645,32748643,37.38738111111111,Romance
32,58,2017,Happy Death Day,5000000,55683845,125010260,175694105,36.138821,Horror
32,58,2017,Happy Death Day,5000000,55683845,125010260,175694105,36.138821,Mystery
32,58,2017,Happy Death Day,5000000,55683845,125010260,175694105,36.138821,Thriller
34,87,2011,Courageous,2000000,34522221,35185884,67708105,34.8540525,Drama
36,65,2003,Cabin Fever,1500000,21158188,30351664,50009852,34.33990133333333,Horror
38,56,2015,The Visit,5000000,65206105,98677816,158883921,32.7767842,Comedy
38,56,2015,The Visit,5000000,65206105,98677816,158883921,32.7767842,Drama
38,56,2015,The Visit,5000000,65206105,98677816,158883921,32.7767842,Romance
43,74,2011,Like Crazy,250000,3395391,3728400,6873791,28.495164,Drama
43,74,2011,Like Crazy,250000,3395391,3728400,6873791,28.495164,Romance
46,67,2006,Clean,10000,138711,138711,267422,27.7422,Comedy
46,67,2006,Clean,10000,138711,138711,267422,27.7422,Drama
46,67,2006,Clean,10000,138711,138711,267422,27.7422,Horror
47,66,2007,Waitress,1500000,19097550,22217183,39814733,27.543155333333335,Drama
48,13,2012,2016: Obama's America,2500000,33349941,33349941,64199882,26.6799528,Documentary
50,25,2010,Blue Valentine,1000000,9737892,16566240,25304132,26.304132,Drama
50,25,2010,Blue Valentine,1000000,9737892,16566240,25304132,26.304132,Romance
51,82,2000,Billy Elliot,5000000,21995263,109253745,126249008,26.2498016,Comedy
51,82,2000,Billy Elliot,5000000,21995263,109253745,126249008,26.2498016,Drama
53,14,2013,Kevin Hart: Let Me Explain,2500000,32244051,32327255,62071306,25.8285224,Comedy
53,14,2013,Kevin Hart: Let Me Explain,2500000,32244051,32327255,62071306,25.8285224,Documentary
55,29,2018,Unfriended: Dark Web,1000000,8866745,16434588,24301333,25.301333,Crime
55,29,2018,Unfriended: Dark Web,1000000,8866745,16434588,24301333,25.301333,Horror
55,29,2018,Unfriended: Dark Web,1000000,8866745,16434588,24301333,25.301333,Mystery
56,70,2014,Paranormal Activity: The Marked Ones,5000000,32462372,90904854,118367226,24.6734452,Horror
56,70,2014,Paranormal Activity: The Marked Ones,5000000,32462372,90904854,118367226,24.6734452,Mystery
56,70,2014,Paranormal Activity: The Marked Ones,5000000,32462372,90904854,118367226,24.6734452,Thriller
57,18,2011,The Grace Card,200000,2430735,2430735,4661470,24.30735,Drama
59,81,2015,The Boy Next Door,4000000,36006065,53401938,85408003,22.35200075,Horror
59,81,2015,The Boy Next Door,4000000,36006065,53401938,85408003,22.35200075,Thriller
63,85,2014,Boyhood,4000000,25379975,57273049,78653024,20.663256,Drama
64,75,2011,Kevin Hart: Laugh at My Pain,750000,7706436,7712436,14668872,20.558496,Comedy
64,75,2011,Kevin Hart: Laugh at My Pain,750000,7706436,7712436,14668872,20.558496,Documentary
67,39,2016,Meet the Blacks,900000,9097072,9097072,17294144,20.215715555555555,Comedy
67,39,2016,Meet the Blacks,900000,9097072,9097072,17294144,20.215715555555555,Horror
68,31,2015,The Green Inferno,1000000,7192291,12931420,19123711,20.123711,Horror
70,18,2012,Beasts of the Southern Wild,1800000,12795746,23265132,34260878,20.033821111111113,Drama
71,95,2018,Winchester,3500000,25091816,44378040,65969856,19.848530285714286,Drama
72,49,2015,Exeter,25000,0,489792,464792,19.59168,Horror
72,49,2015,Exeter,25000,0,489792,464792,19.59168,Mystery
72,49,2015,Exeter,25000,0,489792,464792,19.59168,Thriller
73,48,2011,Another Earth,175000,1321194,2102779,3248973,19.56556,Drama
73,48,2011,Another Earth,175000,1321194,2102779,3248973,19.56556,Romance
73,48,2011,Another Earth,175000,1321194,2102779,3248973,19.56556,Sci-Fi
74,64,2017,The Big Sick,5000000,42872467,53972860,91845327,19.3690654,Comedy
74,64,2017,The Big Sick,5000000,42872467,53972860,91845327,19.3690654,Drama
74,64,2017,The Big Sick,5000000,42872467,53972860,91845327,19.3690654,Romance
75,94,2015,It Follows,2000000,14674077,23250755,35924832,18.962416,Horror
75,94,2015,It Follows,2000000,14674077,23250755,35924832,18.962416,Mystery
77,94,2016,The Witch,3500000,25138705,40454520,62093225,18.74092142857143,Horror
77,94,2016,The Witch,3500000,25138705,40454520,62093225,18.74092142857143,Mystery
81,73,2013,Dallas Buyers Club,5000000,27298285,60611845,82910130,17.582026,Drama
82,33,2012,The Sessions,1000000,6002451,11495204,16497655,17.497655,Comedy
82,33,2012,The Sessions,1000000,6002451,11495204,16497655,17.497655,Drama
84,32,2017,I Am Not Your Negro,1000000,7123919,9617402,15741321,16.741321,Documentary
86,18,2010,Tiny Furniture,50000,391674,424149,765823,16.31646,Comedy
86,18,2010,Tiny Furniture,50000,391674,424149,765823,16.31646,Drama
86,18,2010,Tiny Furniture,50000,391674,424149,765823,16.31646,Romance
90,43,2014,Whiplash,3300000,13092006,38969037,48761043,15.776073636363636,Drama
91,48,2000,The Terrorist,25000,195043,195043,365086,15.60344,Thriller
95,97,2012,Silent House,2000000,12739737,16610760,27350497,14.6752485,Drama
95,97,2012,Silent House,2000000,12739737,16610760,27350497,14.6752485,Horror
95,97,2012,Silent House,2000000,12739737,16610760,27350497,14.6752485,Mystery
96,70,2018,Unsane,1500000,7690044,14244931,20434975,14.623316666666666,Drama
96,70,2018,Unsane,1500000,7690044,14244931,20434975,14.623316666666666,Horror
96,70,2018,Unsane,1500000,7690044,14244931,20434975,14.623316666666666,Mystery
97,72,2014,Oculus,5000000,27695246,44115496,66810742,14.3621484,Horror
97,72,2014,Oculus,5000000,27695246,44115496,66810742,14.3621484,Mystery
99,74,2015,No Escape,5000000,27288872,42844516,65133388,14.0266776,Action
99,74,2015,No Escape,5000000,27288872,42844516,65133388,14.0266776,Thriller
100,95,2018,Eighth Grade,2000000,13539710,14341016,25880726,13.940363,Comedy
100,95,2018,Eighth Grade,2000000,13539710,14341016,25880726,13.940363,Drama
103,35,2017,Lowriders,916000,6179955,6188421,11452376,13.502593886462883,Crime
103,35,2017,Lowriders,916000,6179955,6188421,11452376,13.502593886462883,Drama
105,100,2016,Hardcore Henry,2000000,9252038,17187434,24439472,13.219736,Action
105,100,2016,Hardcore Henry,2000000,9252038,17187434,24439472,13.219736,Sci-Fi
106,17,1996,Shine,5500000,35811509,36672493,66984002,13.178909454545455,Drama
107,19,2008,The Signal,50000,251150,406299,607449,13.14898,Drama
107,19,2008,The Signal,50000,251150,406299,607449,13.14898,Mystery
107,19,2008,The Signal,50000,251150,406299,607449,13.14898,Sci-Fi
109,97,2013,Dark Skies,3500000,17418667,27704111,41622778,12.892222285714286,Horror
109,97,2013,Dark Skies,3500000,17418667,27704111,41622778,12.892222285714286,Sci-Fi
109,97,2013,Dark Skies,3500000,17418667,27704111,41622778,12.892222285714286,Thriller
110,76,2015,The Lazarus Effect,5000000,25801570,38359310,59160880,12.832176,Horror
110,76,2015,The Lazarus Effect,5000000,25801570,38359310,59160880,12.832176,Mystery
110,76,2015,The Lazarus Effect,5000000,25801570,38359310,59160880,12.832176,Sci-Fi
113,84,2014,"As Above, So Below",5000000,21222315,41824066,58046381,12.6092762,Documentary
119,92,2015,Still Alice,5000000,18656400,41699612,55356012,12.0712024,Drama
122,18,2013,Don Jon,5500000,24477704,41268579,60246283,11.953869636363637,Comedy
122,18,2013,Don Jon,5500000,24477704,41268579,60246283,11.953869636363637,Drama
122,18,2013,Don Jon,5500000,24477704,41268579,60246283,11.953869636363637,Romance
123,59,2014,All You Need Is Love,300000,0,3565259,3265259,11.884196666666666,Documentary
124,50,2010,Monsters,500000,237301,5639730,5377031,11.754062,Drama
124,50,2010,Monsters,500000,237301,5639730,5377031,11.754062,Sci-Fi
124,50,2010,Monsters,500000,237301,5639730,5377031,11.754062,Thriller
127,25,2016,Hunt for the Wilderpeople,2500000,5205471,23845533,26551004,11.6204016,Comedy
127,25,2016,Hunt for the Wilderpeople,2500000,5205471,23845533,26551004,11.6204016,Drama
131,8,2010,Winter's Bone,2000000,6531503,16131551,20663054,11.331527,Drama
131,8,2010,Winter's Bone,2000000,6531503,16131551,20663054,11.331527,Mystery
132,77,2012,Safety Not Guaranteed,750000,4010957,4422318,7683275,11.244366666666666,Comedy
132,77,2012,Safety Not Guaranteed,750000,4010957,4422318,7683275,11.244366666666666,Drama
132,77,2012,Safety Not Guaranteed,750000,4010957,4422318,7683275,11.244366666666666,Romance
133,2,2010,Buried,1987650,1044143,21270290,20326783,11.22654038688904,Drama
133,2,2010,Buried,1987650,1044143,21270290,20326783,11.22654038688904,Mystery
133,2,2010,Buried,1987650,1044143,21270290,20326783,11.22654038688904,Thriller
134,54,2018,Sorry to Bother You,3200000,17493096,18285560,32578656,11.18083,Comedy
134,54,2018,Sorry to Bother You,3200000,17493096,18285560,32578656,11.18083,Sci-Fi
135,36,2014,The Skeleton Twins,1000000,5284309,5797192,10081501,11.081501,Comedy
135,36,2014,The Skeleton Twins,1000000,5284309,5797192,10081501,11.081501,Drama
135,36,2014,The Skeleton Twins,1000000,5284309,5797192,10081501,11.081501,Romance
138,79,2018,The Strangers: Prey at Night,5000000,24431472,29960051,49391523,10.8783046,Horror
143,99,2013,Before Midnight,3000000,8110621,23251930,28362551,10.454183666666667,Drama
143,99,2013,Before Midnight,3000000,8110621,23251930,28362551,10.454183666666667,Romance
145,90,2013,The Last Exorcism Part II,4000000,15179303,25448707,36628010,10.1570025,Drama
145,90,2013,The Last Exorcism Part II,4000000,15179303,25448707,36628010,10.1570025,Horror
145,90,2013,The Last Exorcism Part II,4000000,15179303,25448707,36628010,10.1570025,Thriller
146,78,2011,Our Idiot Brother,5000000,24814830,25861249,45676079,10.1352158,Comedy
146,78,2011,Our Idiot Brother,5000000,24814830,25861249,45676079,10.1352158,Drama
150,95,2000,Saving Grace,4000000,12178602,27786849,35965451,9.99136275,Crime
150,95,2000,Saving Grace,4000000,12178602,27786849,35965451,9.99136275,Drama
150,95,2000,Saving Grace,4000000,12178602,27786849,35965451,9.99136275,Horror
151,10,2012,Burn,225000,1109276,1109276,1993552,9.86023111111111,Documentary
153,83,2013,The Way Way Back,5000000,21502690,26853810,43356500,9.6713,Comedy
153,83,2013,The Way Way Back,5000000,21502690,26853810,43356500,9.6713,Drama
154,38,2016,Krisha,30000,144822,144822,259644,9.6548,Drama
155,89,2018,Upgrade,3000000,11977130,16553285,25530415,9.510138333333334,Action
155,89,2018,Upgrade,3000000,11977130,16553285,25530415,9.510138333333334,Sci-Fi
155,89,2018,Upgrade,3000000,11977130,16553285,25530415,9.510138333333334,Thriller
157,98,2018,Forever My Girl,3500000,16376066,16376066,29252132,9.357752,Drama
157,98,2018,Forever My Girl,3500000,16376066,16376066,29252132,9.357752,Romance
166,3,2013,Spring Breakers,5000000,14124286,31149251,40273537,9.0547074,Comedy
166,3,2013,Spring Breakers,5000000,14124286,31149251,40273537,9.0547074,Crime
166,3,2013,Spring Breakers,5000000,14124286,31149251,40273537,9.0547074,Drama
167,85,2016,God's Not Dead 2,5000000,20773069,23551286,39324355,8.864871,Drama
169,94,2011,Apollo 18,5000000,17686929,26517819,39204748,8.8409496,Horror
169,94,2011,Apollo 18,5000000,17686929,26517819,39204748,8.8409496,Mystery
169,94,2011,Apollo 18,5000000,17686929,26517819,39204748,8.8409496,Sci-Fi
171,95,2018,"Paul, Apostle of Christ",5000000,17547999,25529498,38077497,8.6154994,Drama
172,11,2017,The Florida Project,2000000,5904366,11295324,15199690,8.599845,Drama
173,18,2012,Barfi,4600000,2804874,36751984,34956858,8.59931695652174,Comedy
173,18,2012,Barfi,4600000,2804874,36751984,34956858,8.59931695652174,Romance
174,90,2016,Race,5000000,19115191,23745772,37860963,8.5721926,Documentary
178,42,2011,Martha Marcy May Marlene,1000000,2981038,5438911,7419949,8.419949,Drama
178,42,2011,Martha Marcy May Marlene,1000000,2981038,5438911,7419949,8.419949,Mystery
178,42,2011,Martha Marcy May Marlene,1000000,2981038,5438911,7419949,8.419949,Thriller
179,86,1997,The Apostle,5000000,20733485,21277770,37011255,8.402251,Horror
181,37,1999,Beyond the Mat,500000,2047570,2047570,3595140,8.19028,Drama
185,51,2014,Dear White People,1250000,4404154,5403771,8557925,7.84634,Comedy
185,51,2014,Dear White People,1250000,4404154,5403771,8557925,7.84634,Drama
185,51,2014,Dear White People,1250000,4404154,5403771,8557925,7.84634,Romance
190,7,1998,Smoke Signals,2000000,6719300,7756617,12475917,7.2379585,Documentary
192,2,2008,The Visitor,4000000,9427026,19174817,24601843,7.15046075,Drama
192,2,2008,The Visitor,4000000,9427026,19174817,24601843,7.15046075,Romance
193,15,2003,Thirteen,2000000,4601043,9505996,12107039,7.0535195,Drama
194,96,2014,Addicted,5000000,17390770,17499242,29890012,6.9780024,Drama
194,96,2014,Addicted,5000000,17390770,17499242,29890012,6.9780024,Thriller
197,20,2015,We Are Your Friends,2000000,3591417,10153415,11744832,6.872416,Drama
197,20,2015,We Are Your Friends,2000000,3591417,10153415,11744832,6.872416,Romance
200,4,2017,It Comes at Night,5000000,13985117,19720203,28705320,6.741064,Horror
200,4,2017,It Comes at Night,5000000,13985117,19720203,28705320,6.741064,Mystery
205,41,2014,Obvious Child,1000000,3122616,3324070,5446686,6.446686,Comedy
205,41,2014,Obvious Child,1000000,3122616,3324070,5446686,6.446686,Drama
205,41,2014,Obvious Child,1000000,3122616,3324070,5446686,6.446686,Romance
209,12,2017,Before I Fall,5000000,12241072,18945682,26186754,6.2373508,Drama
209,12,2017,Before I Fall,5000000,12241072,18945682,26186754,6.2373508,Mystery
212,68,2012,Sound of My Voice,135000,408015,429448,702463,6.20342962962963,Drama
212,68,2012,Sound of My Voice,135000,408015,429448,702463,6.20342962962963,Mystery
212,68,2012,Sound of My Voice,135000,408015,429448,702463,6.20342962962963,Sci-Fi
214,17,2010,Inside Job,2000000,4311834,7799257,10111091,6.0555455,Crime
214,17,2010,Inside Job,2000000,4311834,7799257,10111091,6.0555455,Documentary
216,9,2014,Meet the Mormons,2000000,6047363,6049171,10096534,6.048267,Documentary
217,32,2016,The Lobster,4500000,9196278,18019834,22716112,6.048024888888889,Comedy
217,32,2016,The Lobster,4500000,9196278,18019834,22716112,6.048024888888889,Drama
217,32,2016,The Lobster,4500000,9196278,18019834,22716112,6.048024888888889,Romance
218,96,1999,Trippin',3000000,9017070,9017070,15034140,6.01138,Comedy
218,96,1999,Trippin',3000000,9017070,9017070,15034140,6.01138,Horror
221,28,1996,Secrets & Lies,4500000,13417292,13417292,22334584,5.963240888888889,Drama
221,28,1996,Secrets & Lies,4500000,13417292,13417292,22334584,5.963240888888889,Romance
227,12,2017,All Saints,2000000,5802208,5941994,9744202,5.872101,Drama
229,8,2006,Water,3000000,5529144,11322573,13851717,5.617239,Crime
229,8,2006,Water,3000000,5529144,11322573,13851717,5.617239,Thriller
230,22,2013,The Spectacular Now,2500000,6852971,6916951,11269922,5.5079688,Comedy
230,22,2013,The Spectacular Now,2500000,6852971,6916951,11269922,5.5079688,Drama
230,22,2013,The Spectacular Now,2500000,6852971,6916951,11269922,5.5079688,Romance
233,20,2018,Hell Fest,5500000,11107431,18119231,23726662,5.313938545454546,Horror
237,14,2013,Frances Ha,3000000,4067398,11262769,12330167,5.110055666666667,Comedy
237,14,2013,Frances Ha,3000000,4067398,11262769,12330167,5.110055666666667,Drama
237,14,2013,Frances Ha,3000000,4067398,11262769,12330167,5.110055666666667,Romance
238,77,2013,The To Do List,1500000,3491669,4128828,6120497,5.0803313333333335,Comedy
238,77,2013,The To Do List,1500000,3491669,4128828,6120497,5.0803313333333335,Romance
240,100,2001,The Wash,4000000,10097096,10097096,16194192,5.048548,Thriller
251,52,2013,Filly Brown,1250000,2850357,2940411,4540768,4.6326144,Drama
254,21,2015,Mustang,1400000,845464,5552584,4998048,4.570034285714286,Drama
256,39,2011,Sholem Aleichem: Laughing in the Darkness,500000,1131261,1131261,1762522,4.525044,Documentary
257,31,2010,Sea Rex 3D: Journey to a Prehistoric World,5000000,6096582,16515203,17611785,4.522357,Documentary
259,24,1995,Before Sunrise,2500000,5274005,5690220,8464225,4.38569,Drama
260,13,2004,Tarnation,400000,592014,1162014,1354028,4.38507,Comedy
260,13,2004,Tarnation,400000,592014,1162014,1354028,4.38507,Horror
262,35,2012,Bachelorette,3000000,446770,12577401,10024171,4.341390333333333,Comedy
262,35,2012,Bachelorette,3000000,446770,12577401,10024171,4.341390333333333,Romance
263,1,2015,Mommy,4900000,3498695,17536004,16134699,4.292795714285714,Drama
266,41,2014,The Babadook,2000000,950792,7482387,6433179,4.2165895,Drama
266,41,2014,The Babadook,2000000,950792,7482387,6433179,4.2165895,Horror
267,20,2014,Moms' Night Out,5000000,10429707,10537341,15967048,4.1934096,Comedy
275,8,2007,Bug,4000000,7006708,8302995,11309703,3.82742575,Drama
275,8,2007,Bug,4000000,7006708,8302995,11309703,3.82742575,Mystery
275,8,2007,Bug,4000000,7006708,8302995,11309703,3.82742575,Thriller
276,79,1997,Love and Other Catastrophes,250000,212285,743216,705501,3.822004,Comedy
276,79,1997,Love and Other Catastrophes,250000,212285,743216,705501,3.822004,Drama
287,21,2016,Compadres,3000000,3127773,7445044,7572817,3.5242723333333332,Action
287,21,2016,Compadres,3000000,3127773,7445044,7572817,3.5242723333333332,Comedy
287,21,2016,Compadres,3000000,3127773,7445044,7572817,3.5242723333333332,Crime
292,10,2016,Swiss Army Man,3000000,4210454,5837111,7047565,3.349188333333333,Comedy
292,10,2016,Swiss Army Man,3000000,4210454,5837111,7047565,3.349188333333333,Drama
294,78,2013,The Gatekeepers,1500000,2408553,2592308,3500861,3.3339073333333333,Documentary
295,26,2012,Robot & Frank,2500000,3317468,4934356,5751824,3.3007296,Comedy
295,26,2012,Robot & Frank,2500000,3317468,4934356,5751824,3.3007296,Crime
295,26,2012,Robot & Frank,2500000,3317468,4934356,5751824,3.3007296,Drama
296,12,2008,Heroes,400000,655538,655538,911076,3.27769,Documentary
299,49,2016,The Other Side of the Door,5000000,3000342,12905107,10905449,3.1810898,Drama
304,93,2017,Columbus,700000,1017107,1110511,1427618,3.0394542857142857,Comedy
305,95,2015,Sardaar Ji,2700000,0,8200000,5500000,3.037037037037037,Comedy
305,95,2015,Sardaar Ji,2700000,0,8200000,5500000,3.037037037037037,Horror
307,43,2013,Grace Unplugged,1700000,2507159,2507159,3314318,2.9495988235294117,Drama
308,9,2016,Don't Think Twice,3000000,4417983,4417983,5835966,2.945322,Comedy
308,9,2016,Don't Think Twice,3000000,4417983,4417983,5835966,2.945322,Drama
311,15,2010,Please Give,3000000,4033574,4570178,5603752,2.867917333333333,Comedy
311,15,2010,Please Give,3000000,4033574,4570178,5603752,2.867917333333333,Drama
319,28,2001,The Forsaken,5000000,6755271,6755271,8510542,2.7021084,Drama
319,28,2001,The Forsaken,5000000,6755271,6755271,8510542,2.7021084,Horror
319,28,2001,The Forsaken,5000000,6755271,6755271,8510542,2.7021084,Thriller
320,23,2015,Captive,2000000,2583301,2791973,3375274,2.687637,Drama
320,23,2015,Captive,2000000,2583301,2791973,3375274,2.687637,Thriller
321,9,2011,Submarine,1900000,467602,4581937,3149539,2.657652105263158,Comedy
321,9,2011,Submarine,1900000,467602,4581937,3149539,2.657652105263158,Drama
321,9,2011,Submarine,1900000,467602,4581937,3149539,2.657652105263158,Romance
322,93,2018,Indivisible,2700000,3511417,3588305,4399722,2.6295266666666666,Documentary
325,29,2018,Fahrenheit 11/9,5000000,6352306,6653715,8006021,2.6012042,Documentary
326,54,2016,Paterson,5000000,2141423,10727536,7868959,2.5737918,Comedy
326,54,2016,Paterson,5000000,2141423,10727536,7868959,2.5737918,Drama
326,54,2016,Paterson,5000000,2141423,10727536,7868959,2.5737918,Romance
327,29,2011,Le Havre,5500000,611709,13480196,8591905,2.5621645454545456,Comedy
327,29,2011,Le Havre,5500000,611709,13480196,8591905,2.5621645454545456,Drama
336,33,1996,Bound,4500000,3802260,7011317,6313577,2.403017111111111,Action
336,33,1996,Bound,4500000,3802260,7011317,6313577,2.403017111111111,Drama
338,23,2012,Middle of Nowhere,200000,236806,236806,273612,2.36806,Drama
340,46,2011,Dum Maaro Dum,5200000,564489,11633427,6997916,2.345753076923077,Action
340,46,2011,Dum Maaro Dum,5200000,564489,11633427,6997916,2.345753076923077,Crime
340,46,2011,Dum Maaro Dum,5200000,564489,11633427,6997916,2.345753076923077,Drama
342,32,2005,Oldboy,3000000,707391,6239723,3947114,2.3157046666666665,Action
342,32,2005,Oldboy,3000000,707391,6239723,3947114,2.3157046666666665,Drama
342,32,2005,Oldboy,3000000,707391,6239723,3947114,2.3157046666666665,Mystery
345,26,2017,The Resurrection of Gavin Stone,2000000,2303792,2303792,2607584,2.303792,Comedy
345,26,2017,The Resurrection of Gavin Stone,2000000,2303792,2303792,2607584,2.303792,Drama
346,56,2017,Patti Cake$,1000000,800148,1471090,1271238,2.271238,Drama
350,57,2000,Panic,1000000,779137,1425707,1204844,2.204844,Drama
350,57,2000,Panic,1000000,779137,1425707,1204844,2.204844,Mystery
350,57,2000,Panic,1000000,779137,1425707,1204844,2.204844,Thriller
352,71,2010,Animal Kingdom,4200000,1044039,8078683,4922722,2.172076666666667,Crime
352,71,2010,Animal Kingdom,4200000,1044039,8078683,4922722,2.172076666666667,Drama
353,18,2012,Samsara,4000000,2672413,5966671,4639084,2.159771,Documentary
361,29,2017,The Wall,3000000,1803064,4495262,3298326,2.099442,Documentary
362,53,1998,Slam,1000000,1009819,1087521,1097340,2.09734,Comedy
362,53,1998,Slam,1000000,1009819,1087521,1097340,2.09734,Drama
362,53,1998,Slam,1000000,1009819,1087521,1097340,2.09734,Romance
363,11,2018,First Reformed,3500000,3448256,3874772,3823028,2.0922937142857143,Drama
363,11,2018,First Reformed,3500000,3448256,3874772,3823028,2.0922937142857143,Mystery
363,11,2018,First Reformed,3500000,3448256,3874772,3823028,2.0922937142857143,Thriller
365,38,2008,Choke,3400000,2926565,4124277,3650842,2.0737770588235294,Action
365,38,2008,Choke,3400000,2926565,4124277,3650842,2.0737770588235294,Drama
365,38,2008,Choke,3400000,2926565,4124277,3650842,2.0737770588235294,Romance
367,25,2010,Letters to God,3000000,2848587,3237452,3086039,2.0286796666666667,Drama
368,30,1993,Nemesis,2000000,2001124,2001124,2002248,2.001124,Drama
370,34,2000,Hamlet,2000000,1577287,2419669,1996956,1.998478,Drama
375,51,2016,The Fits,170000,166425,169242,165667,1.9745117647058823,Drama
378,38,2015,90 Minutes in Heaven,5000000,4816142,4816142,4632284,1.9264568,Drama
379,58,2014,Palo Alto,1000000,767732,1156309,924041,1.924041,Drama
380,96,1997,Sunday,450000,410919,450349,411268,1.9139288888888888,Drama
383,35,2015,The Diary of a Teenage Girl,2000000,1477002,2279959,1756961,1.8784805,Comedy
383,35,2015,The Diary of a Teenage Girl,2000000,1477002,2279959,1756961,1.8784805,Drama
383,35,2015,The Diary of a Teenage Girl,2000000,1477002,2279959,1756961,1.8784805,Romance
385,51,2014,Kill the Messenger,5000000,2450846,6656705,4107551,1.8215102,Crime
385,51,2014,Kill the Messenger,5000000,2450846,6656705,4107551,1.8215102,Drama
387,62,2011,The Future,1000000,568662,1239174,807836,1.807836,Drama
387,62,2011,The Future,1000000,568662,1239174,807836,1.807836,Romance
388,84,2013,The Lords of Salem,1500000,1165881,1541131,1207012,1.8046746666666666,Horror
388,84,2013,The Lords of Salem,1500000,1165881,1541131,1207012,1.8046746666666666,Thriller
392,37,2014,Locke,2000000,1370646,2088390,1459036,1.729518,Drama
394,66,2013,The Act of Killing,1000000,486919,1227316,714235,1.714235,Crime
394,66,2013,The Act of Killing,1000000,486919,1227316,714235,1.714235,Documentary
396,52,2010,Rabbit Hole,5000000,2229058,6205034,3434092,1.6868184,Drama
400,7,2014,Blue Ruin,420000,258384,437002,275386,1.6556809523809524,Crime
400,7,2014,Blue Ruin,420000,258384,437002,275386,1.6556809523809524,Drama
400,7,2014,Blue Ruin,420000,258384,437002,275386,1.6556809523809524,Thriller
401,39,2007,In the Shadow of the Moon,2000000,1134358,2175587,1309945,1.6549725,Thriller
402,35,2003,Irreversible,5400000,792200,8133256,3525456,1.6528622222222222,Drama
403,45,2017,Table 19,5000000,3614896,4620399,3235295,1.647059,Comedy
403,45,2017,Table 19,5000000,3614896,4620399,3235295,1.647059,Drama
403,45,2017,Table 19,5000000,3614896,4620399,3235295,1.647059,Romance
404,26,2002,Hybrid,200000,162605,162605,125210,1.62605,Documentary
407,59,2009,Adam,3200000,2283291,2834485,1917776,1.599305,Drama
412,23,2014,La chambre bleue,1400000,260441,1945420,805861,1.575615,Documentary
414,41,2011,Circumstance,900000,454121,958978,513099,1.57011,Drama
415,55,2011,Rubber,500000,100370,680914,281284,1.562568,Comedy
415,55,2011,Rubber,500000,100370,680914,281284,1.562568,Horror
417,56,2017,Demonic,3000000,0,4668109,1668109,1.5560363333333334,Horror
417,56,2017,Demonic,3000000,0,4668109,1668109,1.5560363333333334,Thriller
418,81,2005,November,250000,191862,191862,133724,1.534896,Documentary
423,45,2013,Drinking Buddies,500000,343706,407100,250806,1.501612,Comedy
423,45,2013,Drinking Buddies,500000,343706,407100,250806,1.501612,Drama
423,45,2013,Drinking Buddies,500000,343706,407100,250806,1.501612,Romance
426,78,2012,The Innkeepers,750000,78396,1011535,339931,1.4532413333333334,Drama
426,78,2012,The Innkeepers,750000,78396,1011535,339931,1.4532413333333334,Horror
426,78,2012,The Innkeepers,750000,78396,1011535,339931,1.4532413333333334,Mystery
428,4,2012,The Awakening,4900000,95933,6924321,2120254,1.4327048979591837,Horror
428,4,2012,The Awakening,4900000,95933,6924321,2120254,1.4327048979591837,Thriller
429,82,1999,Sugar Town,250000,178095,178095,106190,1.42476,Drama
429,82,1999,Sugar Town,250000,178095,178095,106190,1.42476,Horror
429,82,1999,Sugar Town,250000,178095,178095,106190,1.42476,Sci-Fi
430,40,2011,Meek's Cutoff,2000000,977772,1869928,847700,1.42385,Drama
431,9,2011,Take Shelter,4750000,1728953,4972016,1950969,1.4107303157894737,Drama
431,9,2011,Take Shelter,4750000,1728953,4972016,1950969,1.4107303157894737,Horror
431,9,2011,Take Shelter,4750000,1728953,4972016,1950969,1.4107303157894737,Thriller
435,48,2008,Teeth,2000000,347578,2350641,698219,1.3491095,Documentary
441,47,2018,Thoroughbreds,5000000,3072605,3187302,1259907,1.2519814,Comedy
441,47,2018,Thoroughbreds,5000000,3072605,3187302,1259907,1.2519814,Crime
441,47,2018,Thoroughbreds,5000000,3072605,3187302,1259907,1.2519814,Drama
442,28,2014,Tusk,3000000,1821983,1887554,709537,1.2365123333333334,Comedy
442,28,2014,Tusk,3000000,1821983,1887554,709537,1.2365123333333334,Drama
442,28,2014,Tusk,3000000,1821983,1887554,709537,1.2365123333333334,Horror
443,47,2002,Never Again,500000,307631,308793,116424,1.232848,Drama
445,25,2012,Holy Motors,4000000,641054,4230426,871480,1.21787,Drama
448,70,2014,I Origins,1000000,336472,852399,188871,1.188871,Drama
448,70,2014,I Origins,1000000,336472,852399,188871,1.188871,Romance
448,70,2014,I Origins,1000000,336472,852399,188871,1.188871,Sci-Fi
449,89,2014,Cheap Thrills,100000,59424,59424,18848,1.18848,Comedy
449,89,2014,Cheap Thrills,100000,59424,59424,18848,1.18848,Crime
449,89,2014,Cheap Thrills,100000,59424,59424,18848,1.18848,Drama
454,38,1999,Get Real,2000000,1152411,1152411,304822,1.152411,Drama
457,85,2016,31,1500000,779820,922727,202547,1.1350313333333333,Horror
457,85,2016,31,1500000,779820,922727,202547,1.1350313333333333,Thriller
462,50,2011,Everything Must Go,5000000,2712131,2821010,533141,1.1066282,Comedy
462,50,2011,Everything Must Go,5000000,2712131,2821010,533141,1.1066282,Drama
463,64,2014,23 Blast,1000000,549185,549185,98370,1.09837,Drama
464,8,2013,Only God Forgives,4800000,775849,4494560,470409,1.098001875,Crime
464,8,2013,Only God Forgives,4800000,775849,4494560,470409,1.098001875,Drama
466,79,2001,Bully,2100000,881824,1381824,163648,1.077927619047619,Documentary
467,76,2011,Grave Encounters,2000000,0,2151887,151887,1.0759435,Horror
469,50,2008,The Hammer,850000,442638,442638,35276,1.0415011764705882,Drama
470,60,2015,Lost River,2000000,45431,2009644,55075,1.0275375,Drama
470,60,2015,Lost River,2000000,45431,2009644,55075,1.0275375,Mystery
471,73,2012,Newlyweds,9000,4584,4584,168,1.0186666666666666,Comedy
471,73,2012,Newlyweds,9000,4584,4584,168,1.0186666666666666,Drama
474,72,2012,Blue Like Jazz,1200000,595018,595018,-9964,0.9916966666666667,Comedy
474,72,2012,Blue Like Jazz,1200000,595018,595018,-9964,0.9916966666666667,Drama
479,15,2016,American Honey,3500000,663247,2611750,-225003,0.9357134285714286,Drama
479,15,2016,American Honey,3500000,663247,2611750,-225003,0.9357134285714286,Romance
480,25,2011,Higher Ground,1800000,841056,842693,-116251,0.9354161111111111,Drama
484,53,2015,Jem and the Holograms,5000000,2184640,2368937,-446423,0.9107154,Drama
486,53,2012,The Other Dream Team,500000,134109,314444,-51447,0.897106,Documentary
492,20,2011,The Art of Getting By,4000000,1430241,1989035,-580724,0.854819,Drama
492,20,2011,The Art of Getting By,4000000,1430241,1989035,-580724,0.854819,Romance
493,42,2006,The Quiet,900000,381420,381420,-137160,0.8476,Drama
498,37,2010,I Spit on Your Grave,1750000,93051,1278471,-378478,0.7837268571428572,Horror
498,37,2010,I Spit on Your Grave,1750000,93051,1278471,-378478,0.7837268571428572,Thriller
499,31,2012,Damsels in Distress,3000000,1007535,1324299,-668166,0.777278,Comedy
499,31,2012,Damsels in Distress,3000000,1007535,1324299,-668166,0.777278,Drama
499,31,2012,Damsels in Distress,3000000,1007535,1324299,-668166,0.777278,Romance
500,22,2011,Red State,4000000,1065429,1983596,-950975,0.76225625,Action
500,22,2011,Red State,4000000,1065429,1983596,-950975,0.76225625,Crime
500,22,2011,Red State,4000000,1065429,1983596,-950975,0.76225625,Horror
502,79,2010,Four Lions,3750000,310007,2436111,-1003882,0.7322981333333334,Comedy
502,79,2010,Four Lions,3750000,310007,2436111,-1003882,0.7322981333333334,Crime
502,79,2010,Four Lions,3750000,310007,2436111,-1003882,0.7322981333333334,Drama
505,87,2016,Unsullied,1500000,510957,510957,-478086,0.681276,Action
505,87,2016,Unsullied,1500000,510957,510957,-478086,0.681276,Horror
505,87,2016,Unsullied,1500000,510957,510957,-478086,0.681276,Thriller
507,44,2010,The Virginity Hit,2000000,636706,636706,-726588,0.636706,Comedy
508,47,2005,Yes,1700000,396035,661221,-642744,0.621915294117647,Documentary
509,70,2012,Kill List,800000,29063,462206,-308731,0.61408625,Crime
509,70,2012,Kill List,800000,29063,462206,-308731,0.61408625,Drama
509,70,2012,Kill List,800000,29063,462206,-308731,0.61408625,Horror
511,52,2013,Deceptive Practice: The Mysteries and Mentors of Ricky Jay,500000,152449,152449,-195102,0.609796,Documentary
513,10,2010,The Square,1900000,406216,740932,-752852,0.6037621052631579,Documentary
513,10,2010,The Square,1900000,406216,740932,-752852,0.6037621052631579,Drama
514,74,2016,The Invitation,1000000,231738,354836,-413426,0.586574,Drama
514,74,2016,The Invitation,1000000,231738,354836,-413426,0.586574,Horror
514,74,2016,The Invitation,1000000,231738,354836,-413426,0.586574,Mystery
516,54,2016,Bodom,1250000,0,726460,-523540,0.581168,Horror
516,54,2016,Bodom,1250000,0,726460,-523540,0.581168,Mystery
516,54,2016,Bodom,1250000,0,726460,-523540,0.581168,Thriller
518,71,2014,Antarctica: A Year on Ice,1000000,288757,288757,-422486,0.577514,Documentary
522,100,2013,Heli,1000000,0,552614,-447386,0.552614,Crime
522,100,2013,Heli,1000000,0,552614,-447386,0.552614,Drama
522,100,2013,Heli,1000000,0,552614,-447386,0.552614,Romance
523,60,2014,Two Night Stand,1600000,15600,868081,-716319,0.552300625,Comedy
523,60,2014,Two Night Stand,1600000,15600,868081,-716319,0.552300625,Romance
525,83,2008,Happy Valley,250000,67665,67665,-114670,0.54132,Documentary
525,83,2008,Happy Valley,250000,67665,67665,-114670,0.54132,Drama
528,100,2013,Escape from Tomorrow,650000,171962,171962,-306076,0.5291138461538462,Drama
528,100,2013,Escape from Tomorrow,650000,171962,171962,-306076,0.5291138461538462,Horror
529,33,2011,Hobo with a Shotgun,3000000,703372,834953,-1461675,0.512775,Action
529,33,2011,Hobo with a Shotgun,3000000,703372,834953,-1461675,0.512775,Comedy
529,33,2011,Hobo with a Shotgun,3000000,703372,834953,-1461675,0.512775,Horror
530,13,2016,Believe,3500000,890303,890303,-1719394,0.5087445714285714,Documentary
535,34,2015,The D Train,3000000,669688,772366,-1557946,0.48068466666666665,Comedy
535,34,2015,The D Train,3000000,669688,772366,-1557946,0.48068466666666665,Drama
539,44,2013,The Brass Teapot,900000,6997,413733,-479270,0.46747777777777777,Comedy
539,44,2013,The Brass Teapot,900000,6997,413733,-479270,0.46747777777777777,Thriller
543,29,2005,Side Effects,200000,44701,44701,-110598,0.44701,Crime
543,29,2005,Side Effects,200000,44701,44701,-110598,0.44701,Drama
543,29,2005,Side Effects,200000,44701,44701,-110598,0.44701,Mystery
544,36,2003,May,1750000,145540,634803,-969657,0.4459102857142857,Documentary
545,38,2015,Above and Beyond,1300000,288751,288751,-722498,0.4442323076923077,Documentary
558,81,2005,Undead,750000,41196,229250,-479554,0.3605946666666667,Horror
561,16,2016,The Bronze,3500000,615816,615816,-2268368,0.3518948571428571,Comedy
561,16,2016,The Bronze,3500000,615816,615816,-2268368,0.3518948571428571,Drama
562,60,2014,Atlas Shrugged: Who Is John Galt?,5000000,851690,851690,-3296620,0.340676,Drama
562,60,2014,Atlas Shrugged: Who Is John Galt?,5000000,851690,851690,-3296620,0.340676,Mystery
562,60,2014,Atlas Shrugged: Who Is John Galt?,5000000,851690,851690,-3296620,0.340676,Sci-Fi
565,20,2015,Counting,50000,8374,8374,-33252,0.33496,Documentary
570,46,2011,Blackthorn,4500000,200558,1217307,-3082135,0.3150811111111111,Action
572,49,1996,Stonewall,2000000,304602,304602,-1390796,0.304602,Drama
573,84,2008,The Cottage,5000000,0,1504960,-3495040,0.300992,Drama
573,84,2008,The Cottage,5000000,0,1504960,-3495040,0.300992,Horror
573,84,2008,The Cottage,5000000,0,1504960,-3495040,0.300992,Thriller
577,64,2013,Ain't Them Bodies Saints,5000000,391611,1075009,-3533380,0.293324,Crime
577,64,2013,Ain't Them Bodies Saints,5000000,391611,1075009,-3533380,0.293324,Drama
577,64,2013,Ain't Them Bodies Saints,5000000,391611,1075009,-3533380,0.293324,Romance
583,64,2014,Anna,4357373,0,1200000,-3157373,0.2753952897766613,Drama
583,64,2014,Anna,4357373,0,1200000,-3157373,0.2753952897766613,Mystery
583,64,2014,Anna,4357373,0,1200000,-3157373,0.2753952897766613,Sci-Fi
584,47,2015,Maggie,4500000,187112,1027760,-3285128,0.2699715555555556,Drama
584,47,2015,Maggie,4500000,187112,1027760,-3285128,0.2699715555555556,Horror
585,51,2011,3 Backyards,300000,39475,39475,-221050,0.26316666666666666,Drama
586,45,2017,Emily,27000,3547,3547,-19906,0.2627407407407407,Drama
591,39,2016,The Bounce Back,3000000,321910,421404,-2256686,0.24777133333333334,Comedy
591,39,2016,The Bounce Back,3000000,321910,421404,-2256686,0.24777133333333334,Romance
592,52,2011,Another Happy Day,4000000,9120,978527,-3012353,0.24691175,Comedy
592,52,2011,Another Happy Day,4000000,9120,978527,-3012353,0.24691175,Drama
593,94,2011,Amigo,1500000,184705,184705,-1130590,0.24627333333333334,Drama
594,2,2015,Dawn of the Crescent Moon,75000,8799,8799,-57402,0.23464,Drama
594,2,2015,Dawn of the Crescent Moon,75000,8799,8799,-57402,0.23464,Sci-Fi
594,2,2015,Dawn of the Crescent Moon,75000,8799,8799,-57402,0.23464,Thriller
596,60,2006,Feast,3200000,56131,690872,-2452997,0.2334384375,Horror
597,41,2015,Manglehorn,4000000,132270,797439,-3070291,0.23242725,Drama
604,38,2011,Creature,3000000,331000,331000,-2338000,0.22066666666666668,Horror
606,62,2013,Speak No Evil,150000,0,32927,-117073,0.21951333333333334,Horror
611,100,2013,The Square,1500000,124244,176262,-1199494,0.20033733333333334,Documentary
611,100,2013,The Square,1500000,124244,176262,-1199494,0.20033733333333334,Drama
614,40,1996,Freeway,3000000,295493,295493,-2409014,0.19699533333333333,Drama
616,45,2015,Butterfly Girl,180000,17503,17503,-144994,0.19447777777777778,Documentary
617,81,2012,Hardflip,1000000,96734,96734,-806532,0.193468,Action
617,81,2012,Hardflip,1000000,96734,96734,-806532,0.193468,Drama
618,38,2015,Desert Dancer,4000000,155271,596335,-3248394,0.1879015,Drama
619,30,2014,Joe,4000000,373375,373375,-3253250,0.1866875,Crime
619,30,2014,Joe,4000000,373375,373375,-3253250,0.1866875,Drama
621,99,2007,The Salon,1500000,139084,139084,-1221832,0.18544533333333332,Documentary
623,32,2011,Raymond Did It,40000,3632,3632,-32736,0.1816,Horror
625,47,2011,Stake Land,4000000,33245,679482,-3287273,0.17818175,Drama
625,47,2011,Stake Land,4000000,33245,679482,-3287273,0.17818175,Horror
625,47,2011,Stake Land,4000000,33245,679482,-3287273,0.17818175,Sci-Fi
626,51,2015,The Last Five Years,2000000,147299,205298,-1647403,0.1762985,Comedy
626,51,2015,The Last Five Years,2000000,147299,205298,-1647403,0.1762985,Drama
627,52,2015,Before We Go,3000000,37151,483938,-2478911,0.17369633333333334,Comedy
627,52,2015,Before We Go,3000000,37151,483938,-2478911,0.17369633333333334,Drama
627,52,2015,Before We Go,3000000,37151,483938,-2478911,0.17369633333333334,Romance
634,11,2013,Supporting Characters,60000,4917,4917,-50166,0.1639,Comedy
639,23,2007,Out of the Blue,4600000,728,731767,-3867505,0.15923804347826087,Comedy
639,23,2007,Out of the Blue,4600000,728,731767,-3867505,0.15923804347826087,Drama
640,7,2014,Housebound,1500000,0,236863,-1263137,0.15790866666666667,Comedy
640,7,2014,Housebound,1500000,0,236863,-1263137,0.15790866666666667,Horror
640,7,2014,Housebound,1500000,0,236863,-1263137,0.15790866666666667,Mystery
641,33,2015,Miss Julie,5500000,0,863895,-4636105,0.15707181818181817,Drama
641,33,2015,Miss Julie,5500000,0,863895,-4636105,0.15707181818181817,Romance
644,2,2015,Road Hard,1500000,113169,113169,-1273662,0.150892,Comedy
645,89,2014,Test,250000,18823,18823,-212354,0.150584,Drama
646,13,2013,Stranded,1900000,0,285593,-1614407,0.15031210526315789,Drama
646,13,2013,Stranded,1900000,0,285593,-1614407,0.15031210526315789,Romance
648,12,2014,Water & Power,600000,42557,42557,-514886,0.14185666666666666,Crime
648,12,2014,Water & Power,600000,42557,42557,-514886,0.14185666666666666,Drama
649,44,2012,Tim and Eric's Billion Dollar Movie,3000000,201436,223652,-2574912,0.141696,Comedy
652,35,2008,Fuel,2500000,174255,174255,-2151490,0.139404,Documentary
659,82,2016,Creative Control,1000000,63014,63014,-873972,0.126028,Drama
659,82,2016,Creative Control,1000000,63014,63014,-873972,0.126028,Sci-Fi
660,44,2010,Life During Wartime,4500000,281447,281447,-3937106,0.12508755555555556,Documentary
661,78,2014,Rudderless,5000000,56001,567219,-4376780,0.124644,Comedy
661,78,2014,Rudderless,5000000,56001,567219,-4376780,0.124644,Drama
662,35,2019,Late Night,4000000,246305,246305,-3507390,0.1231525,Comedy
662,35,2019,Late Night,4000000,246305,246305,-3507390,0.1231525,Drama
663,6,2011,Absentia,70000,0,8555,-61445,0.12221428571428572,Drama
663,6,2011,Absentia,70000,0,8555,-61445,0.12221428571428572,Horror
663,6,2011,Absentia,70000,0,8555,-61445,0.12221428571428572,Mystery
667,92,2014,Camp X-Ray,1000000,9837,101053,-889110,0.11089,Drama
668,56,2012,A Lonely Place to Die,4000000,0,442550,-3557450,0.1106375,Crime
668,56,2012,A Lonely Place to Die,4000000,0,442550,-3557450,0.1106375,Thriller
670,45,2007,Holly,3000000,163069,163069,-2673862,0.10871266666666667,Action
670,45,2007,Holly,3000000,163069,163069,-2673862,0.10871266666666667,Crime
670,45,2007,Holly,3000000,163069,163069,-2673862,0.10871266666666667,Thriller
672,19,2016,The Masked Saint,3500000,182695,182695,-3134610,0.10439714285714286,Action
672,19,2016,The Masked Saint,3500000,182695,182695,-3134610,0.10439714285714286,Crime
673,100,2012,Beyond the Black Rainbow,1100000,56491,56491,-987018,0.10271090909090909,Horror
673,100,2012,Beyond the Black Rainbow,1100000,56491,56491,-987018,0.10271090909090909,Sci-Fi
673,100,2012,Beyond the Black Rainbow,1100000,56491,56491,-987018,0.10271090909090909,Thriller
676,84,2011,The Perfect Host,1000000,48764,51587,-899649,0.100351,Comedy
676,84,2011,The Perfect Host,1000000,48764,51587,-899649,0.100351,Crime
676,84,2011,The Perfect Host,1000000,48764,51587,-899649,0.100351,Thriller
680,80,2010,Freakonomics,2900000,101270,172867,-2625863,0.09453,Documentary
681,69,2014,Not Cool,800000,35688,35688,-728624,0.08922,Comedy
681,69,2014,Not Cool,800000,35688,35688,-728624,0.08922,Drama
681,69,2014,Not Cool,800000,35688,35688,-728624,0.08922,Romance
683,38,2013,Grabbers,5300000,0,440821,-4859179,0.08317377358490566,Comedy
683,38,2013,Grabbers,5300000,0,440821,-4859179,0.08317377358490566,Horror
683,38,2013,Grabbers,5300000,0,440821,-4859179,0.08317377358490566,Sci-Fi
684,30,2014,Banshee Chapter,950000,0,78122,-871878,0.08223368421052632,Horror
684,30,2014,Banshee Chapter,950000,0,78122,-871878,0.08223368421052632,Sci-Fi
684,30,2014,Banshee Chapter,950000,0,78122,-871878,0.08223368421052632,Thriller
687,38,2010,8: The Mormon Proposition,2500000,100280,100280,-2299440,0.080224,Documentary
691,61,2015,Top Spin,150000,5858,5858,-138284,0.07810666666666667,Documentary
694,73,2011,Cargo,4200000,0,313230,-3886770,0.07457857142857142,Drama
698,57,2014,Pump,2000000,72277,72277,-1855446,0.072277,Documentary
703,34,2012,L!fe Happens,930000,30905,30905,-868190,0.06646236559139784,Comedy
708,32,2005,Solitude,200000,6260,6260,-187480,0.0626,Documentary
708,32,2005,Solitude,200000,6260,6260,-187480,0.0626,Drama
710,43,2011,Trust,4000000,120016,120016,-3759968,0.060008,Crime
710,43,2011,Trust,4000000,120016,120016,-3759968,0.060008,Drama
710,43,2011,Trust,4000000,120016,120016,-3759968,0.060008,Thriller
711,100,2014,As It Is in Heaven,450000,13486,13486,-423028,0.05993777777777778,Drama
713,53,2012,The Divide,3000000,18000,156362,-2825638,0.05812066666666667,Drama
713,53,2012,The Divide,3000000,18000,156362,-2825638,0.05812066666666667,Horror
713,53,2012,The Divide,3000000,18000,156362,-2825638,0.05812066666666667,Sci-Fi
716,71,2015,Cop Car,5000000,134552,143658,-4721790,0.055642,Crime
716,71,2015,Cop Car,5000000,134552,143658,-4721790,0.055642,Thriller
718,49,2014,Fort McCoy,3000000,78948,78948,-2842104,0.052632,Drama
721,50,1999,The Gambler,3000000,51773,101773,-2846454,0.051182,Drama
724,48,2019,Braid,1660000,0,80745,-1579255,0.04864156626506024,Horror
724,48,2019,Braid,1660000,0,80745,-1579255,0.04864156626506024,Mystery
724,48,2019,Braid,1660000,0,80745,-1579255,0.04864156626506024,Thriller
729,76,2012,"Pink Ribbons, Inc.",1200000,26608,26608,-1146784,0.044346666666666666,Documentary
732,63,2013,Antiviral,3100000,0,123407,-2976593,0.039808709677419354,Horror
732,63,2013,Antiviral,3100000,0,123407,-2976593,0.039808709677419354,Sci-Fi
732,63,2013,Antiviral,3100000,0,123407,-2976593,0.039808709677419354,Thriller
737,33,2014,The Word,200000,3648,3648,-192704,0.03648,Drama
741,93,2008,Special,1000000,7202,26822,-965976,0.034024,Drama
742,27,2014,Faith Connections,550000,9111,9111,-531778,0.03313090909090909,Documentary
742,27,2014,Faith Connections,550000,9111,9111,-531778,0.03313090909090909,Drama
744,79,2013,Stitches,2000000,0,63555,-1936445,0.0317775,Horror
746,88,2015,Hits,1000000,15156,15156,-969688,0.030312,Comedy
746,88,2015,Hits,1000000,15156,15156,-969688,0.030312,Drama
748,49,2013,Sparrows Dance,175000,2602,2602,-169796,0.029737142857142858,Comedy
748,49,2013,Sparrows Dance,175000,2602,2602,-169796,0.029737142857142858,Drama
748,49,2013,Sparrows Dance,175000,2602,2602,-169796,0.029737142857142858,Romance
749,58,2014,They Came Together,3000000,0,82780,-2917220,0.027593333333333334,Comedy
749,58,2014,They Came Together,3000000,0,82780,-2917220,0.027593333333333334,Romance
752,76,2008,Stuck,5000000,67505,67505,-4864990,0.027002,Comedy
752,76,2008,Stuck,5000000,67505,67505,-4864990,0.027002,Drama
754,89,2000,The Specials,1000000,12996,12996,-974008,0.025992,Comedy
755,64,2011,Redemption Road,2300000,29384,29384,-2241232,0.025551304347826088,Drama
756,3,2017,Departure,1100000,0,27561,-1072439,0.025055454545454544,Drama
756,3,2017,Departure,1100000,0,27561,-1072439,0.025055454545454544,Romance
759,57,2014,Locker 13,300000,3496,3496,-293008,0.023306666666666667,Thriller
768,1,2015,Karachi se Lahore,1000000,0,17721,-982279,0.017721,Comedy
771,67,2012,The First Time,2000000,17061,17061,-1965878,0.017061,Comedy
771,67,2012,The First Time,2000000,17061,17061,-1965878,0.017061,Drama
771,67,2012,The First Time,2000000,17061,17061,-1965878,0.017061,Romance
772,22,2016,Time to Choose,3500000,29233,29233,-3441534,0.01670457142857143,Documentary
775,43,2012,The Giant Mechanical Man,900000,7396,7396,-885208,0.016435555555555554,Comedy
775,43,2012,The Giant Mechanical Man,900000,7396,7396,-885208,0.016435555555555554,Drama
775,43,2012,The Giant Mechanical Man,900000,7396,7396,-885208,0.016435555555555554,Romance
776,59,2013,Open Road,3000000,0,47469,-2952531,0.015823,Action
776,59,2013,Open Road,3000000,0,47469,-2952531,0.015823,Drama
776,59,2013,Open Road,3000000,0,47469,-2952531,0.015823,Thriller
777,57,2003,Nothing,4000000,0,63180,-3936820,0.015795,Sci-Fi
779,48,2015,The Opposite Sex,3300000,0,50206,-3249794,0.015213939393939394,Comedy
780,23,2015,Julija in alfa Romeo,560000,0,8462,-551538,0.015110714285714286,Comedy
781,85,2014,Dying of the Light,5000000,0,74639,-4925361,0.0149278,Drama
781,85,2014,Dying of the Light,5000000,0,74639,-4925361,0.0149278,Thriller
783,77,2018,Blood Feast,1200000,8708,8708,-1182584,0.014513333333333333,Horror
784,51,2014,13 Sins,4000000,9134,47552,-3943314,0.0141715,Horror
784,51,2014,13 Sins,4000000,9134,47552,-3943314,0.0141715,Thriller
785,94,2015,The Sisterhood of Night,1000000,6870,6870,-986260,0.01374,Drama
785,94,2015,The Sisterhood of Night,1000000,6870,6870,-986260,0.01374,Mystery
785,94,2015,The Sisterhood of Night,1000000,6870,6870,-986260,0.01374,Thriller
786,22,2011,The Harvest/La Cosecha,560000,3709,3709,-552582,0.013246428571428572,Documentary
787,16,2016,They Will Have to Kill Us First,600000,0,7943,-592057,0.013238333333333333,Documentary
789,91,2015,Along the Roadside,250000,0,3234,-246766,0.012936,Comedy
789,91,2015,Along the Roadside,250000,0,3234,-246766,0.012936,Romance
794,25,2011,The Kick,3500000,0,40622,-3459378,0.011606285714285715,Action
795,15,2015,Drunk Wedding,600000,3301,3301,-593398,0.011003333333333334,Comedy
797,44,2011,Forget Me Not,1300000,0,13465,-1286535,0.010357692307692307,Romance
798,31,2011,Salvation Boulevard,5500000,28468,28468,-5443064,0.010352,Action
798,31,2011,Salvation Boulevard,5500000,28468,28468,-5443064,0.010352,Comedy
798,31,2011,Salvation Boulevard,5500000,28468,28468,-5443064,0.010352,Drama
799,69,2010,Circle,2000000,10024,10024,-1979952,0.010024,Horror
799,69,2010,Circle,2000000,10024,10024,-1979952,0.010024,Thriller
801,49,2002,Sonny,4000000,17639,17639,-3964722,0.0088195,Drama
803,40,2008,August,3400000,12636,12636,-3374728,0.007432941176470588,Drama
803,40,2008,August,3400000,12636,12636,-3374728,0.007432941176470588,Romance
805,66,2013,Detention of the Dead,500000,1778,1778,-496444,0.007112,Action
805,66,2013,Detention of the Dead,500000,1778,1778,-496444,0.007112,Comedy
807,14,2015,Vaalu,1900000,0,12444,-1887556,0.006549473684210526,Comedy
807,14,2015,Vaalu,1900000,0,12444,-1887556,0.006549473684210526,Romance
814,54,2014,Falcon Rising,4500000,11774,11774,-4476452,0.0052328888888888885,Action
815,2,2014,The Sleepwalker,1100000,2636,2636,-1094728,0.004792727272727273,Drama
816,86,2016,Yoga Hosers,5000000,0,22958,-4977042,0.0045916,Action
816,86,2016,Yoga Hosers,5000000,0,22958,-4977042,0.0045916,Comedy
819,10,2014,Closer to the Moon,1500000,0,5396,-1494604,0.0035973333333333335,Comedy
819,10,2014,Closer to the Moon,1500000,0,5396,-1494604,0.0035973333333333335,Crime
819,10,2014,Closer to the Moon,1500000,0,5396,-1494604,0.0035973333333333335,Drama
821,80,2009,Grace,5000000,8297,8297,-4983406,0.0033188,Crime
821,80,2009,Grace,5000000,8297,8297,-4983406,0.0033188,Drama
821,80,2009,Grace,5000000,8297,8297,-4983406,0.0033188,Horror
822,81,2016,Mi America,2100000,3330,3330,-2093340,0.0031714285714285716,Crime
822,81,2016,Mi America,2100000,3330,3330,-2093340,0.0031714285714285716,Drama
825,81,2015,Area 51,5000000,7556,7556,-4984888,0.0030224,Horror
825,81,2015,Area 51,5000000,7556,7556,-4984888,0.0030224,Sci-Fi
825,81,2015,Area 51,5000000,7556,7556,-4984888,0.0030224,Thriller
826,74,2012,The Ghastly Love of Johnny X,2000000,2436,2436,-1995128,0.002436,Comedy
827,53,2013,Inescapable,4000000,4327,4327,-3991346,0.0021635,Action
827,53,2013,Inescapable,4000000,4327,4327,-3991346,0.0021635,Drama
827,53,2013,Inescapable,4000000,4327,4327,-3991346,0.0021635,Mystery
833,84,2014,Destiny,750000,0,450,-749550,0.0006,Action
835,36,2014,Food Chains,913000,0,176,-912824,0.0001927710843373494,Documentary
838,50,2015,Heroes of Dirt,175000,0,0,-175000,0.0,Action
838,50,2015,Heroes of Dirt,175000,0,0,-175000,0.0,Drama
839,1,2015,Give Me Shelter,250000,0,0,-250000,0.0,Documentary
840,10,2011,"Fat, Sick & Nearly Dead",2600000,0,0,-2600000,0.0,Documentary
843,56,2015,Da Sweet Blood of Jesus,1250000,0,0,-1250000,0.0,Comedy
843,56,2015,Da Sweet Blood of Jesus,1250000,0,0,-1250000,0.0,Romance
843,56,2015,Da Sweet Blood of Jesus,1250000,0,0,-1250000,0.0,Thriller
845,4,2015,The Love Letter,250000,0,0,-250000,0.0,Documentary
846,41,2015,Perfect Cowboy,200000,0,0,-200000,0.0,Drama
847,39,2014,Sanctuary; Quite a Conundrum,200000,0,0,-200000,0.0,Comedy
847,39,2014,Sanctuary; Quite a Conundrum,200000,0,0,-200000,0.0,Horror
847,39,2014,Sanctuary; Quite a Conundrum,200000,0,0,-200000,0.0,Thriller
848,38,2014,Archaeology of a Woman,200000,0,0,-200000,0.0,Drama
850,5,2015,Western Religion,250000,0,0,-250000,0.0,Drama
851,3,2015,Shooting the Warwicks,250000,0,0,-250000,0.0,Comedy
851,3,2015,Shooting the Warwicks,250000,0,0,-250000,0.0,Drama
853,42,2014,H.,200000,0,0,-200000,0.0,Drama
853,42,2014,H.,200000,0,0,-200000,0.0,Sci-Fi
853,42,2014,H.,200000,0,0,-200000,0.0,Thriller
854,38,2019,Living Dark: The Story of Ted the Caver,1750000,0,0,-1750000,0.0,Horror
855,55,2013,Hansel & Gretel Get Baked,4500000,0,0,-4500000,0.0,Comedy
855,55,2013,Hansel & Gretel Get Baked,4500000,0,0,-4500000,0.0,Horror
857,42,2013,Paraphobia,30000,0,0,-30000,0.0,Comedy
857,42,2013,Paraphobia,30000,0,0,-30000,0.0,Horror
857,42,2013,Paraphobia,30000,0,0,-30000,0.0,Thriller
858,57,2015,Zipper,4500000,0,0,-4500000,0.0,Drama
858,57,2015,Zipper,4500000,0,0,-4500000,0.0,Thriller
860,27,2006,The Secret,3500000,0,0,-3500000,0.0,Documentary
863,36,2014,Happy 40th,35000,0,0,-35000,0.0,Drama
864,35,2013,Her Cry: La Llorona Investigation,35000,0,0,-35000,0.0,Horror
865,33,2012,Foreign Letters,40000,0,0,-40000,0.0,Comedy
865,33,2012,Foreign Letters,40000,0,0,-40000,0.0,Drama
866,22,2014,Down and Dangerous,50000,0,0,-50000,0.0,Crime
866,22,2014,Down and Dangerous,50000,0,0,-50000,0.0,Thriller
867,86,2016,Sharkskin,2100000,0,0,-2100000,0.0,Comedy
867,86,2016,Sharkskin,2100000,0,0,-2100000,0.0,Drama
867,86,2016,Sharkskin,2100000,0,0,-2100000,0.0,Mystery
869,29,2013,This Is Martin Bonner,42000,0,0,-42000,0.0,Drama
870,32,2015,Dawn Patrol,3500000,0,0,-3500000,0.0,Drama
870,32,2015,Dawn Patrol,3500000,0,0,-3500000,0.0,Thriller
871,27,2013,A True Story,45000,0,0,-45000,0.0,Comedy
872,25,2015,"Run, Hide, Die",50000,0,0,-50000,0.0,Horror
872,25,2015,"Run, Hide, Die",50000,0,0,-50000,0.0,Thriller
873,24,2015,Bending Steel,50000,0,0,-50000,0.0,Documentary
874,17,2015,Checkmate,1500000,0,0,-1500000,0.0,Drama
874,17,2015,Checkmate,1500000,0,0,-1500000,0.0,Mystery
875,16,2015,#Horror,1500000,0,0,-1500000,0.0,Crime
875,16,2015,#Horror,1500000,0,0,-1500000,0.0,Drama
875,16,2015,#Horror,1500000,0,0,-1500000,0.0,Horror
876,15,2015,Mutant World,1500000,0,0,-1500000,0.0,Sci-Fi
878,81,2015,A Plague So Pleasant,1400,0,0,-1400,0.0,Drama
878,81,2015,A Plague So Pleasant,1400,0,0,-1400,0.0,Horror
878,81,2015,A Plague So Pleasant,1400,0,0,-1400,0.0,Thriller
879,78,2018,Red 11,7000,0,0,-7000,0.0,Horror
879,78,2018,Red 11,7000,0,0,-7000,0.0,Sci-Fi
879,78,2018,Red 11,7000,0,0,-7000,0.0,Thriller
884,13,2014,Once Upon a Time in Queens,1500000,0,0,-1500000,0.0,Comedy
884,13,2014,Once Upon a Time in Queens,1500000,0,0,-1500000,0.0,Drama
885,62,2014,Stories of Our Lives,15000,0,0,-15000,0.0,Drama
886,59,2011,The Ridges,17300,0,0,-17300,0.0,Drama
886,59,2011,The Ridges,17300,0,0,-17300,0.0,Horror
886,59,2011,The Ridges,17300,0,0,-17300,0.0,Thriller
888,57,2015,The Front Man,20000,0,0,-20000,0.0,Comedy
888,57,2015,The Front Man,20000,0,0,-20000,0.0,Documentary
889,56,2013,All Superheroes Must Die,20000,0,0,-20000,0.0,Sci-Fi
889,56,2013,All Superheroes Must Die,20000,0,0,-20000,0.0,Thriller
890,54,2014,Dry Spell,22000,0,0,-22000,0.0,Comedy
890,54,2014,Dry Spell,22000,0,0,-22000,0.0,Romance
891,52,2015,Dutch Kills,25000,0,0,-25000,0.0,Crime
891,52,2015,Dutch Kills,25000,0,0,-25000,0.0,Drama
891,52,2015,Dutch Kills,25000,0,0,-25000,0.0,Thriller
892,51,2015,Ten,25000,0,0,-25000,0.0,Drama
896,46,2015,The Algerian,1300000,0,0,-1300000,0.0,Action
896,46,2015,The Algerian,1300000,0,0,-1300000,0.0,Romance
896,46,2015,The Algerian,1300000,0,0,-1300000,0.0,Thriller
898,56,2014,Fugly,4500000,0,0,-4500000,0.0,Drama
898,56,2014,Fugly,4500000,0,0,-4500000,0.0,Thriller
900,34,2008,Animals,5500000,0,0,-5500000,0.0,Drama
904,58,2015,The Final Girls,4500000,0,0,-4500000,0.0,Comedy
904,58,2015,The Final Girls,4500000,0,0,-4500000,0.0,Drama
905,72,2015,Romantic Schemer,125000,0,0,-125000,0.0,Romance
906,71,2015,The Brain That Sings,125000,0,0,-125000,0.0,Documentary
907,70,2014,An American in Hollywood,125000,0,0,-125000,0.0,Drama
909,64,2013,Aroused,150000,0,0,-150000,0.0,Documentary
912,98,2010,Butterfly,250000,0,0,-250000,0.0,Horror
912,98,2010,Butterfly,250000,0,0,-250000,0.0,Thriller
914,94,2014,Echo Dr.,100000,0,0,-100000,0.0,Action
914,94,2014,Echo Dr.,100000,0,0,-100000,0.0,Drama
914,94,2014,Echo Dr.,100000,0,0,-100000,0.0,Sci-Fi
915,95,2015,Closure,100000,0,0,-100000,0.0,Thriller
916,34,2015,Lords of London,3440000,0,0,-3440000,0.0,Crime
916,34,2015,Lords of London,3440000,0,0,-3440000,0.0,Mystery
916,34,2015,Lords of London,3440000,0,0,-3440000,0.0,Thriller
918,15,2013,The Dirties,55000,0,0,-55000,0.0,Crime
918,15,2013,The Dirties,55000,0,0,-55000,0.0,Drama
919,13,2012,Hayride,60000,0,0,-60000,0.0,Crime
919,13,2012,Hayride,60000,0,0,-60000,0.0,Drama
919,13,2012,Hayride,60000,0,0,-60000,0.0,Horror
920,12,2012,The FP,60000,0,0,-60000,0.0,Comedy
921,26,2010,My Girlfriend's Boyfriend,1400000,0,0,-1400000,0.0,Comedy
921,26,2010,My Girlfriend's Boyfriend,1400000,0,0,-1400000,0.0,Romance
922,83,2012,Infected,2100000,0,0,-2100000,0.0,Action
922,83,2012,Infected,2100000,0,0,-2100000,0.0,Horror
922,83,2012,Infected,2100000,0,0,-2100000,0.0,Sci-Fi
924,3,2015,Queen Crab,75000,0,0,-75000,0.0,Action
924,3,2015,Queen Crab,75000,0,0,-75000,0.0,Sci-Fi
924,3,2015,Queen Crab,75000,0,0,-75000,0.0,Thriller
925,28,2014,House at the End of the Drive,1400000,0,0,-1400000,0.0,Horror
925,28,2014,House at the End of the Drive,1400000,0,0,-1400000,0.0,Thriller
927,99,2015,Tiger Orange,100000,0,0,-100000,0.0,Drama
928,98,2015,The Night Visitor,100000,0,0,-100000,0.0,Horror
928,98,2015,The Night Visitor,100000,0,0,-100000,0.0,Sci-Fi
928,98,2015,The Night Visitor,100000,0,0,-100000,0.0,Thriller
930,99,2015,UnDivided,250000,0,0,-250000,0.0,Documentary
931,23,2014,Pancakes,400000,0,0,-400000,0.0,Drama
934,71,2015,Vessel,800000,0,0,-800000,0.0,Drama
934,71,2015,Vessel,800000,0,0,-800000,0.0,Horror
935,72,2015,Amnesiac,3000000,0,0,-3000000,0.0,Drama
935,72,2015,Amnesiac,3000000,0,0,-3000000,0.0,Horror
935,72,2015,Amnesiac,3000000,0,0,-3000000,0.0,Thriller
938,93,2015,Let's Kill Ward's Wife,5000000,0,0,-5000000,0.0,Comedy
938,93,2015,Let's Kill Ward's Wife,5000000,0,0,-5000000,0.0,Crime
941,52,2012,Snitch,850000,0,0,-850000,0.0,Action
941,52,2012,Snitch,850000,0,0,-850000,0.0,Drama
941,52,2012,Snitch,850000,0,0,-850000,0.0,Thriller
942,96,2012,The Frozen,250000,0,0,-250000,0.0,Drama
942,96,2012,The Frozen,250000,0,0,-250000,0.0,Thriller
943,67,2015,Enter the Dangerous Mind,3000000,0,0,-3000000,0.0,Thriller
944,96,2012,Should've Been Romeo,5000000,0,0,-5000000,0.0,Comedy
944,96,2012,Should've Been Romeo,5000000,0,0,-5000000,0.0,Drama
946,45,2014,40 Weeks,900000,0,0,-900000,0.0,Documentary
948,65,2015,AWOL-72,3000000,0,0,-3000000,0.0,Action
948,65,2015,AWOL-72,3000000,0,0,-3000000,0.0,Thriller
949,97,2015,Aztec Warrior,5000000,0,0,-5000000,0.0,Action
949,97,2015,Aztec Warrior,5000000,0,0,-5000000,0.0,Comedy
951,92,2015,Born of War,5000000,0,0,-5000000,0.0,Action
951,92,2015,Born of War,5000000,0,0,-5000000,0.0,Drama
951,92,2015,Born of War,5000000,0,0,-5000000,0.0,Thriller
954,90,2014,Reach Me,5000000,0,0,-5000000,0.0,Comedy
954,90,2014,Reach Me,5000000,0,0,-5000000,0.0,Crime
954,90,2014,Reach Me,5000000,0,0,-5000000,0.0,Drama
955,28,2012,High Road,546173,0,0,-546173,0.0,Comedy
956,14,2011,Without Men,4700000,0,0,-4700000,0.0,Comedy
957,20,2015,Irreplaceable,600000,0,0,-600000,0.0,Documentary
958,19,2014,Light from the Darkroom,600000,0,0,-600000,0.0,Action
958,19,2014,Light from the Darkroom,600000,0,0,-600000,0.0,Drama
958,19,2014,Light from the Darkroom,600000,0,0,-600000,0.0,Thriller
959,18,2014,The Maid's Room,600000,0,0,-600000,0.0,Thriller
961,74,2015,Close Range,3000000,0,0,-3000000,0.0,Action
961,74,2015,Close Range,3000000,0,0,-3000000,0.0,Crime
962,5,2013,Treachery,625000,0,0,-625000,0.0,Drama
962,5,2013,Treachery,625000,0,0,-625000,0.0,Thriller
963,3,2014,The Hadza: Last of the First,650000,0,0,-650000,0.0,Documentary
964,2,2012,After,650000,0,0,-650000,0.0,Drama
964,2,2012,After,650000,0,0,-650000,0.0,Mystery
965,43,2009,The Calling,2500000,0,0,-2500000,0.0,Drama
965,43,2009,The Calling,2500000,0,0,-2500000,0.0,Thriller
966,96,2015,Walter,700000,0,0,-700000,0.0,Thriller
969,86,2016,Adulterers,750000,0,0,-750000,0.0,Crime
969,86,2016,Adulterers,750000,0,0,-750000,0.0,Drama
969,86,2016,Adulterers,750000,0,0,-750000,0.0,Thriller
972,73,2015,Unnatural,3000000,0,0,-3000000,0.0,Action
972,73,2015,Unnatural,3000000,0,0,-3000000,0.0,Horror
972,73,2015,Unnatural,3000000,0,0,-3000000,0.0,Sci-Fi
974,99,2016,The Hatching,5000000,0,0,-5000000,0.0,Action
974,99,2016,The Hatching,5000000,0,0,-5000000,0.0,Comedy
978,6,2003,The Party's Over,1000000,0,0,-1000000,0.0,Documentary
981,61,2010,Barry Munday,3000000,0,0,-3000000,0.0,Comedy
981,61,2010,Barry Munday,3000000,0,0,-3000000,0.0,Drama
981,61,2010,Barry Munday,3000000,0,0,-3000000,0.0,Romance
982,29,2009,Deadline,1800000,0,0,-1800000,0.0,Drama
982,29,2009,Deadline,1800000,0,0,-1800000,0.0,Mystery
982,29,2009,Deadline,1800000,0,0,-1800000,0.0,Thriller
983,44,2013,Alien Uprising,2500000,0,0,-2500000,0.0,Comedy
983,44,2013,Alien Uprising,2500000,0,0,-2500000,0.0,Horror
983,44,2013,Alien Uprising,2500000,0,0,-2500000,0.0,Sci-Fi
984,45,2010,Christmas Mail,2500000,0,0,-2500000,0.0,Comedy
984,45,2010,Christmas Mail,2500000,0,0,-2500000,0.0,Drama
985,46,2015,Stung,2500000,0,0,-2500000,0.0,Action
985,46,2015,Stung,2500000,0,0,-2500000,0.0,Comedy
987,48,2015,8 Days,2500000,0,0,-2500000,0.0,Drama
987,48,2015,8 Days,2500000,0,0,-2500000,0.0,Thriller
988,49,2016,Antibirth,2500000,0,0,-2500000,0.0,Horror
989,30,2007,Sublime,1800000,0,0,-1800000,0.0,Documentary
990,50,2016,The Rise of the Krays,2500000,0,0,-2500000,0.0,Crime
990,50,2016,The Rise of the Krays,2500000,0,0,-2500000,0.0,Drama
991,31,2012,Dysfunctional Friends,1800000,0,0,-1800000,0.0,Comedy
991,31,2012,Dysfunctional Friends,1800000,0,0,-1800000,0.0,Drama
992,32,2013,Independence Daysaster,1800000,0,0,-1800000,0.0,Action
992,32,2013,Independence Daysaster,1800000,0,0,-1800000,0.0,Sci-Fi
997,33,2015,Ask Me Anything,950000,0,0,-950000,0.0,Drama
998,11,2012,Snow White: A Deadly Summer,1000000,0,0,-1000000,0.0,Horror
999,32,2014,Jesse,950000,0,0,-950000,0.0,Action
999,32,2014,Jesse,950000,0,0,-950000,0.0,Crime
999,32,2014,Jesse,950000,0,0,-950000,0.0,Drama
1000,31,2012,Trance,950000,0,0,-950000,0.0,Horror
1002,62,2009,The Deported,3000000,0,0,-3000000,0.0,Documentary
1003,25,2016,Chemical Cut,1000000,0,0,-1000000,0.0,Drama
1005,23,2016,1982,1000000,0,0,-1000000,0.0,Drama
1006,22,2016,Hush,1000000,0,0,-1000000,0.0,Drama
1006,22,2016,Hush,1000000,0,0,-1000000,0.0,Thriller
1007,21,2014,Bang Bang Baby,1000000,0,0,-1000000,0.0,Drama
1009,19,2015,Fear Clinic,1000000,0,0,-1000000,0.0,Horror
1010,18,2014,A Fine Step,1000000,0,0,-1000000,0.0,Drama
1012,16,2013,Zombie Hunter,1000000,0,0,-1000000,0.0,Action
1012,16,2013,Zombie Hunter,1000000,0,0,-1000000,0.0,Comedy
1012,16,2013,Zombie Hunter,1000000,0,0,-1000000,0.0,Horror
1013,15,2013,My Last Day Without You,1000000,0,0,-1000000,0.0,Comedy
1013,15,2013,My Last Day Without You,1000000,0,0,-1000000,0.0,Drama
1013,15,2013,My Last Day Without You,1000000,0,0,-1000000,0.0,Romance
1014,14,2014,Hidden Away,1000000,0,0,-1000000,0.0,Drama
1014,14,2014,Hidden Away,1000000,0,0,-1000000,0.0,Romance
1015,12,2012,Truth or Die,1000000,0,0,-1000000,0.0,Horror
1015,12,2012,Truth or Die,1000000,0,0,-1000000,0.0,Mystery
1016,15,2015,Treading Water,4700000,0,0,-4700000,0.0,Comedy
1016,15,2015,Treading Water,4700000,0,0,-4700000,0.0,Drama
1017,82,2009,Nine Dead,2000000,0,0,-2000000,0.0,Crime
1017,82,2009,Nine Dead,2000000,0,0,-2000000,0.0,Drama
1017,82,2009,Nine Dead,2000000,0,0,-2000000,0.0,Horror
1019,84,2007,Rockaway,2000000,0,0,-2000000,0.0,Drama
1021,87,2013,Straight A's,2000000,0,0,-2000000,0.0,Comedy
1021,87,2013,Straight A's,2000000,0,0,-2000000,0.0,Drama
1022,88,2012,The Legend of Hell's Gate: An American Conspiracy,2000000,0,0,-2000000,0.0,Action
1023,35,2015,Rotor DR1,350000,0,0,-350000,0.0,Sci-Fi
1026,89,2012,Highway,2000000,0,0,-2000000,0.0,Comedy
1027,83,2012,Below Zero,1200000,0,0,-1200000,0.0,Thriller
1028,84,2012,Crowsnest,1200000,0,0,-1200000,0.0,Horror
1028,84,2012,Crowsnest,1200000,0,0,-1200000,0.0,Mystery
1028,84,2012,Crowsnest,1200000,0,0,-1200000,0.0,Thriller
1029,90,2013,Small Apartments,2000000,0,0,-2000000,0.0,Comedy
1029,90,2013,Small Apartments,2000000,0,0,-2000000,0.0,Crime
1029,90,2013,Small Apartments,2000000,0,0,-2000000,0.0,Drama
1030,91,2013,Coffee Town,2000000,0,0,-2000000,0.0,Comedy
1031,85,2012,Airborne,1200000,0,0,-1200000,0.0,Comedy
1031,85,2012,Airborne,1200000,0,0,-1200000,0.0,Crime
1031,85,2012,Airborne,1200000,0,0,-1200000,0.0,Horror
1035,94,2010,The Christmas Bunny,250000,0,0,-250000,0.0,Drama
1036,93,2010,Rust,250000,0,0,-250000,0.0,Drama
1038,67,2015,Chain of Command,4000000,0,0,-4000000,0.0,Action
1038,67,2015,Chain of Command,4000000,0,0,-4000000,0.0,Thriller
1039,65,2014,The Perfect Wave,4000000,0,0,-4000000,0.0,Drama
1040,64,2015,The Veil,4000000,0,0,-4000000,0.0,Action
1040,64,2015,The Veil,4000000,0,0,-4000000,0.0,Sci-Fi
1042,67,2010,Death Calls,290000,0,0,-290000,0.0,Action
1042,67,2010,Death Calls,290000,0,0,-290000,0.0,Mystery
1043,66,2015,Amidst the Devil's Wings,300000,0,0,-300000,0.0,Action
1043,66,2015,Amidst the Devil's Wings,300000,0,0,-300000,0.0,Crime
1043,66,2015,Amidst the Devil's Wings,300000,0,0,-300000,0.0,Drama
1044,65,2010,Anderson's Cross,300000,0,0,-300000,0.0,Comedy
1044,65,2010,Anderson's Cross,300000,0,0,-300000,0.0,Drama
1044,65,2010,Anderson's Cross,300000,0,0,-300000,0.0,Romance
1045,63,2015,Teeth and Blood,300000,0,0,-300000,0.0,Action
1045,63,2015,Teeth and Blood,300000,0,0,-300000,0.0,Horror
1046,62,2013,Midnight Cabaret,300000,0,0,-300000,0.0,Action
1046,62,2013,Midnight Cabaret,300000,0,0,-300000,0.0,Crime
1046,62,2013,Midnight Cabaret,300000,0,0,-300000,0.0,Drama
1050,86,2015,Crossroads,500000,0,0,-500000,0.0,Drama
1051,83,2015,Fight to the Finish,500000,0,0,-500000,0.0,Action
1051,83,2015,Fight to the Finish,500000,0,0,-500000,0.0,Romance
1053,81,2015,Love in the Time of Monsters,500000,0,0,-500000,0.0,Comedy
1053,81,2015,Love in the Time of Monsters,500000,0,0,-500000,0.0,Horror
1054,80,2014,Diamond Ruff,500000,0,0,-500000,0.0,Action
1055,79,2015,Roadside,500000,0,0,-500000,0.0,Drama
1055,79,2015,Roadside,500000,0,0,-500000,0.0,Horror
1055,79,2015,Roadside,500000,0,0,-500000,0.0,Mystery
1056,78,2015,Subconscious,500000,0,0,-500000,0.0,Horror
1057,77,2015,The Outrageous Sophie Tucker,500000,0,0,-500000,0.0,Documentary
1060,74,2012,Girls Gone Dead,500000,0,0,-500000,0.0,Comedy
1060,74,2012,Girls Gone Dead,500000,0,0,-500000,0.0,Horror
1061,73,2012,Enter Nowhere,500000,0,0,-500000,0.0,Mystery
1061,73,2012,Enter Nowhere,500000,0,0,-500000,0.0,Sci-Fi
1061,73,2012,Enter Nowhere,500000,0,0,-500000,0.0,Thriller
1062,72,2010,Drones,500000,0,0,-500000,0.0,Comedy
1063,1,2015,Shark Lake,2000000,0,0,-2000000,0.0,Action
1063,1,2015,Shark Lake,2000000,0,0,-2000000,0.0,Crime
1067,7,2010,The Dead Undead,1100000,0,0,-1100000,0.0,Action
1067,7,2010,The Dead Undead,1100000,0,0,-1100000,0.0,Horror
1067,7,2010,The Dead Undead,1100000,0,0,-1100000,0.0,Sci-Fi
1068,8,2013,The Vatican Exorcisms,1100000,0,0,-1100000,0.0,Horror
1069,87,2015,Alleluia! The Devil's Carnival,500000,0,0,-500000,0.0,Horror
1070,87,2015,Bleeding Hearts,1200000,0,0,-1200000,0.0,Horror
1072,88,2013,The Wicked Within,1200000,0,0,-1200000,0.0,Horror
1074,92,2014,Lucky Dog,2000000,0,0,-2000000,0.0,Comedy
1074,92,2014,Lucky Dog,2000000,0,0,-2000000,0.0,Crime
1075,93,2001,Pendulum,2000000,0,0,-2000000,0.0,Thriller
1077,96,2015,The Walking Deceased,2000000,0,0,-2000000,0.0,Comedy
1077,96,2015,The Walking Deceased,2000000,0,0,-2000000,0.0,Horror
1078,97,2011,True Bromance,2000000,0,0,-2000000,0.0,Comedy
1080,1,2014,Mutual Friends,450000,0,0,-450000,0.0,Comedy
1080,1,2014,Mutual Friends,450000,0,0,-450000,0.0,Romance
1081,99,2015,Wind Walkers,2000000,0,0,-2000000,0.0,Action
1081,99,2015,Wind Walkers,2000000,0,0,-2000000,0.0,Horror
1081,99,2015,Wind Walkers,2000000,0,0,-2000000,0.0,Thriller
1082,100,2016,The Dog Lover,2000000,0,0,-2000000,0.0,Drama
1085,89,2014,The Sound and the Shadow,500000,0,0,-500000,0.0,Comedy
1085,89,2014,The Sound and the Shadow,500000,0,0,-500000,0.0,Mystery
1085,89,2014,The Sound and the Shadow,500000,0,0,-500000,0.0,Thriller
1086,98,2015,The Curse of Downers Grove,2000000,0,0,-2000000,0.0,Drama
1086,98,2015,The Curse of Downers Grove,2000000,0,0,-2000000,0.0,Horror
1086,98,2015,The Curse of Downers Grove,2000000,0,0,-2000000,0.0,Mystery
